rms_uv,ptp_uv,std_uv,variance,kurtosis,skewness,zero_crossings,mean,min,max,delta_power,theta_power,alpha_power,beta_power,gamma_power,dominant_freq_hz,line_noise_power,high_freq_power,low_freq_power,theta_beta_ratio,alpha_theta_ratio,window_id,start_time_s,duration_s,recording_id
19.110753633613815,74.1991102293116,18.155215951933123,365.22090444468364,0.37657401513912436,-0.33403532604888525,42.0,-1.1306153349375263,-37.0995551146558,37.0995551146558,14.082761446114002,63.709815082647324,175.72466837061197,23.756404583830324,6.943294844810705,11.205783104891815,0.008568178393626166,3.4716474224053524,1.4082761446114003,2.681795338929826,2.7582040246491655,0,0.0,2.0,synthetic_test
16.754259007153433,84.25300072340293,15.91654605679576,280.7051948787819,0.8098578416370265,0.5027676129872799,43.0,0.6227112239002686,-42.12650036170147,42.12650036170147,14.386567201356366,67.28329312714814,168.306235700152,25.240596137622443,6.907527275078171,9.56837430761829,0.002991148268014576,3.4537636375390854,1.4386567201356366,2.6656776551667427,2.5014565708324716,1,2.0,2.0,synthetic_test
17.00806190734706,62.98945065620655,16.157658811979704,289.2741698441501,-0.6493916937437452,-0.57276910899946,42.0,0.6295295842218108,-31.494725328103275,31.494725328103275,11.951418933660015,63.301214766812095,174.21926670374998,22.32063917911233,8.148118666456002,11.003078596844222,0.0044289214630155995,4.074059333228001,1.1951418933660016,2.835994715870387,2.752226277892705,2,4.0,2.0,synthetic_test
17.663770208749412,70.3012818653435,16.78058169831194,312.00877798750327,0.7720947889752895,-0.6816863123605792,33.0,-0.8043157596599924,-35.15064093267175,35.15064093267175,16.595472629157268,59.038502780287686,186.74969027016982,23.9955482578158,7.804482281019188,8.501945187196602,0.008275651650043219,3.902241140509594,1.6595472629157269,2.4603939925005776,3.163184726502304,3,6.0,2.0,synthetic_test
76.93614679895002,543.2644569162214,73.08933945900252,5919.170684269588,10.192558151722313,0.3538182118542438,36.0,0.8953554307625996,-271.6322284581107,271.6322284581107,120.70004916336725,253.3159328198525,211.4836501000152,119.21264944422995,22.678885308058035,11.091085678660317,0.008412612496740763,11.339442654029018,12.070004916336726,2.12490817040652,0.8348612254500919,4,8.0,2.0,synthetic_test
15.65285958597575,69.31089243613309,14.87021660667696,245.0120132182729,1.93470599843339,0.00451909325615365,39.0,-0.6315777291653314,-34.655446218066544,34.655446218066544,15.535485331406523,58.088894055063946,177.91838298101555,25.385653000213242,6.4201119190325056,8.947733299626595,0.004461499683808915,3.2100559595162528,1.5535485331406524,2.2882568376151675,3.0628640099837705,5,10.0,2.0,synthetic_test
19.59181300969495,68.56790426306011,18.6122223592102,383.83913700685224,0.069746848841049,0.5324383696451189,36.0,0.2531652380379812,-34.28395213153006,34.28395213153006,20.5675548469781,60.87738762211592,185.61158665219844,26.648729035188,7.473977708181819,10.709572519555492,0.005132116209580128,3.7369888540909093,2.05675548469781,2.284438689054592,3.0489413869784436,6,12.0,2.0,synthetic_test
20.0970618770152,64.14498331495827,19.092208783164438,403.8918960885777,-0.639764527444133,-1.0701329393889896,44.0,0.820344012612456,-32.072491657479134,32.072491657479134,11.777988780089558,53.813270657166704,191.1321598901229,21.18738457937188,7.656175922669612,10.263126219363986,0.0037295730176435467,3.828087961334806,1.1777988780089559,2.5398732182149333,3.551766275419062,7,14.0,2.0,synthetic_test
18.687237179070436,71.56328227997307,17.752875320116914,349.2128333868324,-1.0024719316058948,-0.7003369955592815,44.0,-0.03361256470371301,-35.78164113998653,35.78164113998653,14.702897189985901,60.90461099279477,184.19026829378356,32.16710787217739,9.220795862185408,11.71657886884675,0.009392993905773809,4.610397931092704,1.4702897189985902,1.8933816255664562,3.0242417657929694,8,16.0,2.0,synthetic_test
69.35038147660136,283.3691440232534,65.88286240277128,4809.475410950133,8.984336989916535,0.00716602992207825,33.0,0.4547409121411344,-141.6845720116267,141.6845720116267,152.46019250374067,201.81869944966053,239.9026036996639,197.9675290625195,73.37702102940824,9.549290071901256,0.0020677938916742232,36.68851051470412,15.246019250374069,1.0194535457677243,1.1887035460730566,9,18.0,2.0,synthetic_test
16.58957852734044,77.91106189847214,15.760099600973417,275.21411571479496,1.2497807014036066,0.20883684924189327,35.0,-0.5164296438875717,-38.95553094923607,38.95553094923607,13.79606264220723,60.37817578943704,193.64156373506486,29.09030647285511,8.35197800773263,8.264660755337761,0.009403744807013233,4.175989003866315,1.3796062642207232,2.075542787621623,3.2071449858036587,10,20.0,2.0,synthetic_test
86.86947275183235,326.77045041516294,82.52599911424073,7546.305296181343,22.81127565975211,0.42349854384472924,49.0,-0.19646658342809717,-163.38522520758147,163.38522520758147,46.839323213665494,194.8464050169325,229.98841267949916,131.09162103288034,24.08146335737582,8.076621942205012,0.00715479806651809,12.04073167868791,4.68393232136655,1.4863375971837376,1.1803574854743293,11,22.0,2.0,synthetic_test
87.18729621089626,554.1132303008161,82.82793140035145,7601.624620566566,18.092441902282378,0.08740888440438883,34.0,-0.20585943088034037,-277.05661515040805,277.05661515040805,29.34637977497183,248.76136553863972,408.96648650164616,54.9669753086348,62.84938887420489,11.307434243891013,0.005784149374180581,31.424694437102445,2.934637977497183,4.525651341407567,1.644011262022607,12,24.0,2.0,synthetic_test
19.87567660313329,66.44013342900912,18.881892772976624,395.04252043234004,-0.8684410292521488,0.08232757767928449,49.0,-0.7465783465402389,-33.22006671450456,33.22006671450456,16.543276298602674,54.19353090667666,188.85167068885846,26.326222050600194,6.4893659535406085,10.098942550645729,0.0012939315470604628,3.2446829767703043,1.6543276298602674,2.058538091888545,3.484764095073788,13,26.0,2.0,synthetic_test
16.319779842833324,72.20408449878603,15.503790850691656,266.33521411854883,-0.6852061978594057,-0.19470077151509926,41.0,-0.1767741631157821,-36.102042249393016,36.102042249393016,13.553321835097533,58.05685667955572,181.6802918717929,28.144059231984855,7.01415002282376,11.100976207339798,0.005280365726398075,3.50707501141188,1.3553321835097534,2.062845881647943,3.1293511613034024,14,28.0,2.0,synthetic_test
35.411689101491184,541.7457498083097,33.64110464641662,1253.9877250206696,8.653023966921976,0.7954524524522588,30.0,-1.5486182988637467,-270.87287490415486,270.87287490415486,160.40037157200004,110.48383121171751,231.70076696488775,255.0454812470972,56.43352501914923,8.937702400046058,0.004669732945024591,28.216762509574615,16.040037157200004,0.4331926630163536,2.0971463826311845,15,30.0,2.0,synthetic_test
17.274929949801276,84.49584099307897,16.41118345231121,298.42320477054113,-0.7036545495665113,-0.5515117277352489,37.0,-0.4911537471421047,-42.247920496539486,42.247920496539486,11.459513623316216,59.69694654499847,194.45653562778313,23.66650376734245,5.4953312418974,9.380334982052934,0.002450969307776103,2.7476656209487,1.1459513623316215,2.522423554060175,3.2573950073175912,16,32.0,2.0,synthetic_test
19.16760075231258,72.86340582953414,18.20922071469695,367.3969186000538,0.9319797549595751,0.17951007627796944,30.0,-0.28487549336967083,-36.43170291476707,36.43170291476707,12.93474186193141,59.81174145165821,182.19771196672838,19.992602922728405,10.647030401394078,8.120415488845275,0.006907686431505913,5.323515200697039,1.2934741861931411,2.9916935620054645,3.046186376532549,17,34.0,2.0,synthetic_test
85.49900636314979,390.1678589828493,81.2240560449923,7310.080089085928,17.347859091742162,-0.4939044172940099,34.0,-0.2561797524953801,-195.08392949142464,195.08392949142464,51.569595858032855,338.0246051268182,254.57557248467376,131.9882778119983,52.4936739697004,11.845969298296449,0.009740358166314574,26.2468369848502,5.1569595858032855,2.5610198930566717,0.753127342280789,18,36.0,2.0,synthetic_test
44.591211812303186,697.2537709600044,42.36165122168803,1988.3761708896873,18.570517498600463,0.2673892729025048,35.0,-0.24149744587077882,-348.6268854800022,348.6268854800022,82.95080431547545,264.5259837863023,298.006460475419,165.80631376411262,35.98689779627672,10.671471626803253,0.0060596992995807265,17.99344889813836,8.295080431547545,1.5953915009692272,1.126567818442229,19,38.0,2.0,synthetic_test
16.29888708267561,65.36429380743944,15.483942728541829,265.6537201338098,-0.43223783916462677,-0.5185087846938832,32.0,-0.061764199860128925,-32.68214690371972,32.68214690371972,15.976088158757499,56.4348814589178,182.169201720691,23.997258726548896,9.97364976242324,11.732820351037224,0.007432779487995513,4.98682488121162,1.59760881587575,2.351722007167518,3.227954006659914,20,40.0,2.0,synthetic_test
18.209470597276262,78.71207985427819,17.298997067412447,331.5848194330687,-0.1633208072838984,0.3719078492502291,44.0,0.4794415180860639,-39.35603992713909,39.35603992713909,18.160268190150404,49.90438263731259,183.28690514824046,24.046459280468248,5.370339429592677,9.06198562971629,0.0016160540730941512,2.6851697147963387,1.8160268190150406,2.0753318422162654,3.672761698713015,21,42.0,2.0,synthetic_test
73.42531940860815,478.33655218720145,69.75405343817773,5391.277530256129,14.901254532326863,0.05605247341225854,34.0,0.8745170741325226,-239.16827609360072,239.16827609360072,54.11037448047814,308.6825017198989,444.5384689582934,97.96695722320051,60.425911284742234,10.445854444902643,0.0047590029623529526,30.212955642371117,5.411037448047814,3.15088383337884,1.4401155442289093,22,44.0,2.0,synthetic_test
15.48531939914231,77.60116376799066,14.711053429185194,239.79511689345318,-0.15348427895585648,0.8723195866293407,43.0,-0.6497652268482671,-38.80058188399533,38.80058188399533,15.227458920425962,60.37745904987602,184.80484606652482,20.16331807847643,5.880463481987334,10.71399987317055,0.0020472263664804632,2.940231740993667,1.5227458920425962,2.9944207999340473,3.0608251651309644,23,46.0,2.0,synthetic_test
19.76820167311836,68.41637498745335,18.77979158946244,390.7817973890795,1.3872574110525957,-0.1405098236357928,47.0,-1.2032008553891445,-34.208187493726676,34.208187493726676,13.810967894551501,62.90223407055234,188.11951064075805,27.836145070262702,9.870042104794381,9.270198801030354,0.006515162519828594,4.9350210523971905,1.3810967894551502,2.2597322262754935,2.9906650124661653,24,48.0,2.0,synthetic_test
16.098632417189346,80.5382258138495,15.293700796329878,259.1659657037797,1.1466239165619274,0.21248305812377263,45.0,-1.042044412243103,-40.26911290692475,40.26911290692475,16.176657036921284,65.20685498459092,170.4881472011008,28.799220566118624,4.745183469438713,11.39243694006252,0.009446339423927391,2.3725917347193564,1.6176657036921285,2.264188186443654,2.614573992893676,25,50.0,2.0,synthetic_test
42.15635499034673,241.69194743612687,40.04853724082939,1777.1582660721315,11.210038887406633,-0.38982814023035484,35.0,-0.48720292119492714,-120.84597371806343,120.84597371806343,51.638651533411796,162.65730830055182,367.9973075516756,120.26296773656793,69.59849519748613,11.788645851600991,0.006955999592244747,34.799247598743065,5.16386515334118,1.3525136736759007,2.262408688527567,26,52.0,2.0,synthetic_test
54.04882320953021,558.7726815295487,51.3463820490537,2921.275290335052,7.168251335179537,-0.14394650322064725,43.0,-0.3519213178165091,-279.38634076477433,279.38634076477433,59.58255790292132,228.68539979764736,357.546866749443,70.61493871711247,130.6260309709088,11.539420470784018,0.0016912274348297937,65.3130154854544,5.9582557902921325,3.238484716580642,1.5634879492342708,27,54.0,2.0,synthetic_test
19.38952206169308,67.04382706542216,18.420045958608423,375.9535657808826,1.5203392373095028,0.05287473972217641,37.0,-0.7699960661974573,-33.52191353271108,33.52191353271108,16.086966305927554,58.41166843041557,187.31826023057354,21.01950470159231,9.457734035259103,10.95626790375749,0.0041919958448657455,4.728867017629551,1.6086966305927555,2.778926966152093,3.2068637185688567,28,56.0,2.0,synthetic_test
94.8185561598116,357.29754464911247,90.07762835182102,8990.558592231348,6.983697665920252,-0.763609961235687,36.0,-1.2961166642498945,-178.64877232455623,178.64877232455623,49.26540210743711,198.82259085137153,339.2084529700869,154.31907347566343,29.361983994884664,9.109858718899815,0.005955970414967664,14.680991997442332,4.9265402107437115,1.288386369703849,1.7060860715956563,29,58.0,2.0,synthetic_test
108.84265056102629,334.2835263634608,103.40051803297497,11846.722581149676,16.237559582881023,-0.708811967092386,37.0,-0.4561208274741882,-167.1417631817304,167.1417631817304,22.15487869759351,249.70727094170638,281.1103312215525,5.807287400462627,94.2216815746424,9.126464168422526,0.004628869805199271,47.1108407873212,2.215487869759351,42.99895178630455,1.1257594949535012,30,60.0,2.0,synthetic_test
25.25827859297783,420.96654546493534,23.99536466332894,637.9806374804822,15.75202719088082,0.29992964991782256,42.0,0.18142662011397137,-210.48327273246767,210.48327273246767,83.79975005425219,144.39721385046911,355.307327644048,98.27763830460498,39.43960775439578,11.853441281784152,0.008502796094276552,19.71980387719789,8.37997500542522,1.4692784273358257,2.4606245381714036,31,62.0,2.0,synthetic_test
74.84411040610125,461.18875262714283,71.10190488579619,5601.640862480674,15.50260047254081,-0.0730434107658398,35.0,0.5950294658355647,-230.59437631357142,230.59437631357142,65.58106383181617,277.2789484281163,296.6313473091284,-81.06169641541797,76.57409412805158,8.041137983742768,0.008332039042389904,38.28704706402579,6.558106383181617,2772.7894842811625,1.0697939709838058,32,64.0,2.0,synthetic_test
18.68627010203375,79.034595500316,17.75195659693206,349.1766903261604,-1.6684515519110479,-0.29646326652401095,47.0,-0.5574230531083212,-39.517297750158,39.517297750158,16.89523387532282,62.46622593214228,185.3391257556159,30.616017041416914,9.008385926620658,10.864199892968578,0.006506479180928994,4.504192963310329,1.6895233875322822,2.040311966368416,2.9670293504997685,33,66.0,2.0,synthetic_test
20.647749607574426,93.72008281376577,19.615362127195702,426.32956385708985,-1.3283149514650507,-0.36849309020837784,31.0,-0.41299782214343406,-46.860041406882885,46.860041406882885,14.499754797850978,61.73289923276039,183.79320824717485,24.941673577301355,7.065718245348075,10.82498465022105,0.004361121506194348,3.5328591226740373,1.4499754797850979,2.4750904962905773,2.9772327321643033,34,68.0,2.0,synthetic_test
15.736367715734609,69.22696874701424,14.949549329947878,247.63326888481447,0.07747371873722987,-0.34924439786184686,37.0,-0.9266983088473107,-34.61348437350712,34.61348437350712,17.6021048663246,57.33044066254075,189.36483176878457,22.202225030316757,7.372785448986092,10.490758163799189,0.0032980273638691976,3.686392724493046,1.76021048663246,2.5821934776472637,3.3030416229211723,35,70.0,2.0,synthetic_test
88.75585286000045,183.7776907585334,84.31806021700042,7877.601416906049,17.03238738619209,0.05627535750411431,40.0,-0.03143917037477642,-91.8888453792667,91.8888453792667,77.55826298120017,243.19023745228344,397.09007319343095,193.20901693465015,86.65401657556438,11.960435384347463,0.001952868863918164,43.32700828778219,7.7558262981200174,1.2586898961063429,1.632837227980191,36,72.0,2.0,synthetic_test
18.92509710529508,76.02660608301792,17.978842250030326,358.1593004448482,-0.6133608125182829,0.22251793205809486,30.0,-0.8484286341908146,-38.01330304150896,38.01330304150896,10.539340184748223,54.954527810355245,187.79443750875555,24.68464448576076,8.151226133381078,9.247517743054901,0.004194079151378987,4.075613066690539,1.0539340184748223,2.2262636936924713,3.417269604368594,37,74.0,2.0,synthetic_test
18.480045475370094,60.97738223598955,17.55604320160159,341.5120807717467,-0.642757302948558,-1.046053614812612,35.0,0.5731278132412001,-30.488691117994776,30.488691117994776,17.10318608134333,63.6452258694224,185.53565967242614,19.015115285327052,5.55561052103551,9.359887455172993,0.004718552654869476,2.777805260517755,1.7103186081343331,3.347085984723638,2.9151543912041418,38,76.0,2.0,synthetic_test
18.611108640754516,74.5142191042139,17.680553208716788,346.3733648379674,1.7015210704207346,0.706417028384946,45.0,-1.7858664919341112,-37.25710955210695,37.25710955210695,13.312910075509059,60.48912584240057,187.02801423728093,21.099421475219682,8.827795482964252,8.315757611786221,0.007082406325936663,4.413897741482126,1.331291007550906,2.866861819573694,3.09192787352502,39,78.0,2.0,synthetic_test
19.865993285301137,65.981954270447,18.872693621036078,394.6576892116299,-1.1082574618159868,0.6708503814709963,49.0,-0.3596296724524624,-32.9909771352235,32.9909771352235,11.839496126512946,53.831748366140765,193.3852343801598,29.629202955577252,11.00836106845993,9.77119254617495,0.006923438418678162,5.504180534229965,1.1839496126512947,1.8168476704165863,3.59240114337055,40,80.0,2.0,synthetic_test
18.84336984782452,71.69275976304314,17.901201355433294,355.0725872219022,-1.661243162706422,-1.1653273817734497,41.0,0.3011073391917421,-35.84637988152157,35.84637988152157,15.032106837287861,54.188456806878,190.87429213377675,28.96979142145371,9.076387369689575,9.044194104939393,0.0016309732567713125,4.538193684844788,1.5032106837287862,1.8705159460260559,3.522416089722444,41,82.0,2.0,synthetic_test
79.09567191437446,340.5006760267123,75.14088831865574,6256.125315586365,7.368645016388939,0.5429633481613987,40.0,0.18383451632250436,-170.25033801335616,170.25033801335616,121.53555022938447,113.00860607114565,239.6676434778288,104.90807780589259,42.30236209453479,9.373546808710577,0.00455733383888042,21.151181047267396,12.153555022938448,1.0772154864970567,2.120791077866616,42,84.0,2.0,synthetic_test
19.430014027602283,69.11413256735443,18.458513326222167,377.5254451128215,-0.6627844787943661,0.5276094256655213,39.0,2.6930336639804966,-34.557066283677216,34.557066283677216,16.646209951490015,62.92169395990906,182.2683260467118,23.60300568623636,8.790406118947686,11.33828716102251,0.0026360098049562574,4.395203059473843,1.6646209951490016,2.665833953368093,2.8967485548441396,43,86.0,2.0,synthetic_test
19.004833264374057,77.46303267462898,18.05459160115535,361.18368740665863,-1.7474530846950653,0.0002227470937725583,32.0,0.34980002456790754,-38.73151633731449,38.73151633731449,16.784821639630422,60.030317801230765,185.53064448567778,25.175526706920532,10.430800167748815,11.741938054109983,0.0024113143478512516,5.215400083874408,1.6784821639630423,2.3844711771106244,3.0906157302048127,44,88.0,2.0,synthetic_test
87.22774991868405,715.5709138191114,82.86636242274984,7608.680355876486,14.05293164509225,-0.6485843109424382,42.0,-1.0040545968420103,-357.7854569095557,357.7854569095557,57.27430680662662,150.77937052815827,284.077612190329,93.45945942254579,54.30017502818693,8.742932288020743,0.008445719347~635213,27.150087514093464,5.727430680662662,1.6133131034544037,1.8840615343813036,45,90.0,2.0,synthetic_test
20.017041649557164,55.085347773527246,19.016189567079305,400.68195640010623,0.9484463498615354,0.5076140458325361,32.0,-0.09546424708907303,-27.542673886763623,27.542673886763623,13.23036811616403,56.40067209586711,185.8520439198691,26.214926526311576,6.494363162654944,9.490035726213863,0.0013772369504463178,3.247181581327472,1.323036811616403,2.1514716830985012,3.2952097379968603,46,92.0,2.0,synthetic_test
21.06337760248183,62.78719403171542,20.010208722357735,443.66587602473317,-1.2859547737148262,-0.12061553314867571,44.0,-1.7762463334664518,-31.39359701585771,31.39359701585771,15.573882522448596,44.44567085934795,203.60545908479475,27.729214524879453,8.765444584373485,11.714522248461577,0.0047726458831190924,4.382722292186743,1.5573882522448597,1.602846370547929,4.580996419856532,47,94.0,2.0,synthetic_test
16.70161735019264,57.50554510883623,15.866536482683008,278.9440221122559,0.08757821895358911,0.2744394219094782,45.0,-0.08059974929676088,-28.752772554418115,28.752772554418115,15.330388760241155,52.766427519786255,204.0416424470255,24.392627422505345,7.762847764894702,8.247233842756891,0.002513832901898664,3.881423882447351,1.5330388760241156,2.163212129870947,3.8668837751146667,48,96.0,2.0,synthetic_test
18.961124214821496,86.01389682024109,18.01306800408042,359.5242314898901,0.3959356756267731,1.1096006359808892,42.0,-0.8330560570007587,-43.00694841012054,43.00694841012054,16.137873348939284,61.77222820432068,204.2052726946019,25.18268982135148,9.20988987187053,8.369442112445514,0.008913971941106266,4.604944935935265,1.6137873348939284,2.4529638669474565,3.305777994913233,49,98.0,2.0,synthetic_test
17.25935326280541,69.15686459650139,16.396385599665138,297.8852750503117,-0.0833842752742931,0.1259183753118094,46.0,0.9153902755601617,-34.578432298250696,34.578432298250696,13.250386572510596,59.90773688365041,186.28820678509518,26.941488090361133,8.575420930725157,8.651163956824917,0.006013364619475317,4.287710465362578,1.3250386572510597,2.2236239023888076,3.109585113303381,50,100.0,2.0,synthetic_test
106.19508292080397,337.3054744242033,100.88532877476376,11277.395636556432,19.789411140884884,-0.45844234585928095,32.0,-0.5495402745955349,-168.65273721210164,168.65273721210164,101.46974492049846,287.4317455973748,206.27719511661775,222.9948199407333,44.46930047848713,10.380851336507499,0.0030824257273916324,22.234650239243564,10.146974492049846,1.288961535849879,0.717656272406195,51,102.0,2.0,synthetic_test
16.620919357839266,56.93638175566413,15.789873389947303,276.25496029979604,0.19732726259521088,-0.16786549745986085,49.0,-0.11676591579524663,-28.468190877832065,28.468190877832065,16.01875623267221,54.72640870682531,189.91920680904005,19.307869052534027,7.477980370554742,8.60188908402399,0.005521845584497388,3.738990185277371,1.601875623267221,2.8344095642000866,3.470339298645663,52,104.0,2.0,synthetic_test
18.98991103512305,65.41785260361179,18.040415483366896,360.6167211218882,-0.812727956918432,-0.39472268012049383,40.0,-0.6355578414044034,-32.708926301805896,32.708926301805896,17.49465411046345,58.68202714848164,201.51863420006896,28.841622285032393,8.297837544344437,11.872305525802934,0.007583377237328043,4.148918772172219,1.7494654110463452,2.0346299028725294,3.4340775871660245,53,106.0,2.0,synthetic_test
18.836505109572002,76.40398593412777,17.8946798540934,354.81392474293216,1.4985825720118682,0.21674485872426125,48.0,1.7388513518533313,-38.20199296706389,38.20199296706389,16.93184401591918,53.19307446724457,208.0528396294277,23.15459896668601,5.848452549261731,9.786858109034082,0.009623062080274906,2.9242262746308656,1.693184401591918,2.2973006159068796,3.9112768290455415,54,108.0,2.0,synthetic_test
91.71568692695003,194.69431846604976,87.12990258060252,8411.767228482313,12.972949961931107,-0.40303377937490237,40.0,-0.3212427661179117,-97.34715923302488,97.34715923302488,84.70884869523641,165.62013170054325,306.3688393651616,133.28316101343756,-12.035641793079769,10.006071841400665,0.002984014038208771,-6.0178208965398845,8.470884869523642,1.2426185756792298,1.8498284974142227,55,110.0,2.0,synthetic_test
87.65820162240689,632.1999630886028,83.27529154128655,7683.960311674538,13.195542902876964,-0.23642571117482158,45.0,1.8325570434792018,-316.0999815443014,316.0999815443014,119.30293854511109,210.86699061266364,347.1961333246609,139.71940153153554,63.56100033757306,8.986634463221627,0.008975635949164108,31.78050016878653,11.93029385451111,1.509217677010087,1.6465172302023168,56,112.0,2.0,synthetic_test
18.006829502356823,59.969534129653944,17.10648802723898,324.2459087269481,1.0136757405438634,-0.6422151872037999,32.0,0.8141517621182666,-29.984767064826972,29.984767064826972,15.80764111735861,56.31559663542788,192.27568562533963,25.21291724691924,6.80234142887442,9.883841009738934,0.009408737027507413,3.40117071443721,1.580764111735861,2.23360097857415,3.414252837807633,57,114.0,2.0,synthetic_test
19.6355053917521,81.01442794303144,18.653730122164497,385.55307198952585,-1.574979469433024,-0.06604350275957174,35.0,0.48206672733538614,-40.50721397151572,40.50721397151572,12.81721912541306,59.813388423990105,200.6593605276995,26.317981420310304,10.011967879550202,10.647654530548046,0.009247784900788598,5.005983939775101,1.281721912541306,2.2727194562813424,3.3547566157816693,58,116.0,2.0,synthetic_test
15.021213880701389,76.21612876605832,14.270153186666318,225.63686644977608,0.9260623778119661,0.0883773966510248,43.0,0.3687331473175197,-38.10806438302916,38.10806438302916,13.365997121478213,46.894021197520004,185.95034503993088,24.67450633430946,6.674333316703597,11.004708547816172,0.00671872921175719,3.3371666583517987,1.3365997121478213,1.9005049406931682,3.9653316199243944,59,118.0,2.0,synthetic_test
18.04928419685717,73.21300404393179,17.14681998701431,325.77666001891794,0.6556014275495079,-1.3423940235587462,47.0,0.39379729821625153,-36.606502021965895,36.606502021965895,18.019542624919247,53.38544346724272,200.2906882590565,23.54070170184292,8.860950438802513,11.015472330839652,0.00666838588991237,4.430475219401257,1.8019542624919247,2.2677932095398567,3.7517846673308006,60,120.0,2.0,synthetic_test
18.17991229625358,64.51511775134554,17.2709166814409,330.5092110994721,-1.5365236149437833,0.12978678074011046,46.0,-1.92767257934561,-32.25755887567277,32.25755887567277,15.804068960093844,53.52348172622438,188.94913921657644,25.62279478385716,5.369639423136969,10.311564450776354,0.004628895698654405,2.6848197115684846,1.5804068960093844,2.088901003099989,3.5302101642613968,61,122.0,2.0,synthetic_test
19.506608538155298,72.59040102084757,18.53127811124753,380.5077766608332,-0.2149103551500782,-0.022850115548389668,33.0,-0.2788833941507565,-36.29520051042378,36.29520051042378,14.30494653245409,48.29374047576444,201.49771906102723,27.654971401559997,11.121971985147713,11.617439099975428,0.007771580940734092,5.5609859925738565,1.4304946532454093,1.7462950792652139,4.172336147003278,62,124.0,2.0,synthetic_test
15.29950317611435,67.66808016805207,14.53452801730863,234.07479743593308,0.2767934493252883,-0.3824959743780637,44.0,0.8451579711843216,-33.834040084026036,33.834040084026036,16.658277369170538,56.138366374616474,195.5125009850955,23.606410754065095,7.543169542269114,11.269631389224438,0.005781646165158388,3.771584771134557,1.6658277369170538,2.378098346227805,3.482689533222656,63,126.0,2.0,synthetic_test
161.47839716938648,171.20213646498163,153.40447731091714,26075.272752394125,15.055707815243787,1.0143144621349365,40.0,-0.04889718347410554,-85.60106823249082,85.60106823249082,91.91928945509807,297.85575087577644,414.9419728263715,147.60876208781602,64.40438408667109,11.028192458794502,0.007096942641054651,32.20219204333554,9.191928945509806,2.0178731036208735,1.3930970666382299,64,128.0,2.0,synthetic_test
71.90844405327991,229.92766073696754,68.31302185061591,5170.824326163686,18.548206452529037,0.47923826380237733,32.0,-1.405189846803575,-114.96383036848377,114.96383036848377,110.43618972627631,257.38642090085733,269.9095980638641,136.05490359722018,131.926016996707,8.222422086721842,0.004856121134639159,65.9630084983535,11.043618972627632,1.8917834939843812,1.048655158726616,65,130.0,2.0,synthetic_test
18.53316109338987,68.74615681421979,17.606503038720376,343.47806011354004,-0.8645657272783016,-0.5482012430757007,32.0,-0.05240445057746945,-34.373078407109894,34.373078407109894,14.14518411510105,63.67546304310736,194.74603979385444,27.856033281540086,8.911350296497037,8.027511848878596,0.007583468176388252,4.455675148248519,1.414518411510105,2.2858769014073674,3.0584157615314744,66,132.0,2.0,synthetic_test
17.19724048533555,78.49921207900096,16.33737846106877,295.74508031046406,1.6953884584519632,0.4191184397855702,45.0,1.7041055162554912,-39.24960603950048,39.24960603950048,13.894708453305988,51.70319996233171,202.3156410549384,29.357650742387115,5.721230025520734,8.849789108781891,0.008420243658440942,2.860615012760367,1.3894708453305988,1.7611490924810846,3.913019720294588,67,134.0,2.0,synthetic_test
92.4409558619266,516.8469568066002,87.81890806883027,8545.33032066666,12.607163789919431,0.6222490380105289,34.0,1.2468917155347194,-258.4234784033001,258.4234784033001,50.567843398286804,199.57743206451588,374.71652242595815,219.04801809365048,26.62545044215108,10.65409437565381,0.0023179263094253453,13.31272522107554,5.056784339828681,0.9111127039697283,1.8775495733647198,68,136.0,2.0,synthetic_test
124.75758939035816,38.51677493397881,118.51970992084026,15564.456110493207,19.78863826831005,0.0660104613087786,39.0,-0.062004009366031745,-19.258387466989404,19.258387466989404,88.14688339572393,278.7445173045579,229.91683211339142,86.28478551523364,44.17005363739015,9.644789955530182,0.008496367440168053,22.085026818695074,8.814688339572394,3.2305175893998763,0.8248299709593316,69,138.0,2.0,synthetic_test
20.41796388821293,60.75545561515426,19.397065693802283,416.89324934036733,-0.3271181965888122,0.18072101847366268,48.0,0.9514492770580866,-30.37772780757713,30.37772780757713,17.7718066425822,48.92250463355756,209.5777588620035,23.110897428204662,5.465664160882595,9.609625037197247,0.005862668786112766,2.7328320804412973,1.77718066425822,2.1168587150515528,4.283872226734835,70,140.0,2.0,synthetic_test
15.117011503872769,72.55378673756437,14.36116092867913,228.52403680822164,-1.6235552380231333,0.16917333346079547,33.0,-0.36650702036805183,-36.27689336878218,36.27689336878218,17.01720589969767,50.104872533830715,219.246635063488,27.630263949856975,9.480683300193066,11.538347552918456,0.008601993181812019,4.740341650096533,1.7017205899697672,1.813405497130261,4.375754771463655,71,142.0,2.0,synthetic_test
18.351091659781016,72.99424044461844,17.433537076791964,336.76256510568436,-0.10976950381614235,-1.0429079294616443,48.0,-1.703871586826719,-36.49712022230922,36.49712022230922,11.735563841142962,45.62955565383738,196.60407233736885,26.655211031395222,7.471740524600614,11.582251392527354,0.004881715357069132,3.735870262300307,1.1735563841142962,1.7118437216682947,4.3087001291198135,72,144.0,2.0,synthetic_test
110.10699680549855,393.74787964151596,104.60164696522362,12123.550745526069,17.11327532750802,-0.09343479842519962,40.0,-0.9244659881295544,-196.87393982075798,196.87393982075798,80.232422341698,240.92206700263557,217.18060187342363,147.52488022755009,-14.866576627533803,11.636701056214342,0.004411364368447315,-7.4332883137669015,8.0232422341698,1.6330944762064865,0.9014558299927244,73,146.0,2.0,synthetic_test
17.627255211273816,76.45834499848867,16.745892450710123,310.7201262833799,-0.38538332752521576,-0.11945642099201433,31.0,1.5628887685081978,-38.229172499244335,38.229172499244335,12.883229194305896,52.88737001512148,188.21300175186298,19.636985164204653,8.269768128092089,9.255512306060108,0.009235546592655002,4.1348840640460445,1.2883229194305896,2.693253041282906,3.5587513937268835,74,148.0,2.0,synthetic_test
17.190668353385906,60.03387152720241,16.33113493571661,295.5190784361037,0.4204524772475584,0.7150778182799391,39.0,-0.2739930818293042,-30.016935763601204,30.016935763601204,13.97417125005717,41.08598754979601,209.52581804890912,21.338289687154436,7.49772159143583,10.764223250957047,0.003260523407935612,3.748860795717915,1.397417125005717,1.9254583264248029,5.099690442999937,75,150.0,2.0,synthetic_test
138.71190921624924,558.041859886549,131.77631375543677,19240.99375841697,12.135639552311257,0.16686393178093653,40.0,-0.24338397937501807,-279.0209299432745,279.0209299432745,125.94933931717756,174.09225268158764,522.2695629135076,54.5552036071811,38.026644433917504,9.086532725097479,0.008597910927575288,19.013322216958752,12.594933931717756,3.1911209411868438,2.9999586705833,76,152.0,2.0,synthetic_test
18.349278538735657,64.33536907044687,17.431814611798874,336.69602289210496,-0.1409279142776198,-0.1488054810583474,49.0,-0.29983819627488056,-32.16768453522344,32.16768453522344,16.671130796699806,52.51067040870964,193.5961640849369,28.485811953240322,7.929103021056486,8.762439332297799,0.005356185152584638,3.964551510528243,1.6671130796699807,1.8433973549676699,3.686796656338751,77,154.0,2.0,synthetic_test
108.55881090529405,418.11352092842014,103.13087036002935,11785.01542517139,18.45118400190136,-0.04506237049550563,45.0,1.904136589573007,-209.05676046421007,209.05676046421007,32.43954870479862,149.40436374237544,352.43627472529107,243.45741774534918,8.668976806494427,8.738529829389478,0.005626858982961338,4.334488403247214,3.243954870479862,0.6136775996640569,2.358942308626357,78,156.0,2.0,synthetic_test
19.930029922126458,67.82083223600152,18.933528426020136,397.20609269685593,0.18966087706342083,0.5116927908137006,48.0,1.6259589153620633,-33.91041611800076,33.91041611800076,10.350560677095197,58.123175362879124,210.80323304250754,23.681446373577167,7.399427959725023,9.368430483454375,0.0037762145334053567,3.6997139798625116,1.0350560677095197,2.454376073402792,3.6268361411159047,79,158.0,2.0,synthetic_test
17.039736264608297,53.23873981856012,16.187749451377883,290.35261196740714,-1.6054650897190463,-0.09229233162265775,40.0,2.218780233448134,-26.61936990928006,26.61936990928006,15.361061683610863,56.25677132300255,203.14363948932433,23.776253941686115,8.749606430168166,9.719830479119286,0.006157379805571142,4.374803215084083,1.5361061683610864,2.366090615493025,3.6110077900304587,80,160.0,2.0,synthetic_test
18.255605394733564,72.03339113796962,17.342825124996885,333.2671283282252,-0.43900595087122857,-0.34909776654580454,43.0,-0.1590452104000513,-36.01669556898481,36.01669556898481,20.2871431667971,48.79818138732224,208.3792114606131,25.7848691679174,8.798892664055826,11.323796684220273,0.003926900766485902,4.399446332027913,2.0287143166797104,1.892512274137848,4.270224945611395,81,162.0,2.0,synthetic_test
114.36167565642059,547.1280173706213,108.64359187359955,13078.592858944341,9.850326645471267,-0.1378510964604332,31.0,0.29562448874709507,-273.5640086853106,273.5640086853106,151.7169036532349,211.39087017274787,422.4584437626143,80.01436959391047,73.16064686010269,8.479564373890849,0.0013534247281748709,36.580323430051344,15.171690365323492,2.641911337246052,1.9984706218266794,82,164.0,2.0,synthetic_test
16.948389225374086,79.86949537100828,16.100969764105383,287.24789733477644,-0.4924460743305178,0.4703480719113411,34.0,-1.5166425494207911,-39.93474768550414,39.93474768550414,15.093830869900517,54.597522007749276,192.3984941944594,27.792802251922236,9.394223761017155,10.939703389579577,0.003447987448099205,4.697111880508578,1.5093830869900517,1.9644482594040384,3.523941877200057,83,166.0,2.0,synthetic_test
17.737923186002007,75.19139368405597,16.851027026701907,314.6339189525076,0.015807544111839433,0.24808245279896815,34.0,1.4769344261182744,-37.595696842027984,37.595696842027984,18.564327237072156,48.86360081831239,210.79477913856692,23.43043571923867,5.35569960669344,10.125819656757221,0.0010574113906593162,2.67784980334672,1.8564327237072158,2.085475549999722,4.313942804222654,84,168.0,2.0,synthetic_test
13.929519518748993,58.86402930249592,13.233043542811544,194.03151402320918,-0.08675575054894435,0.02213398667455691,48.0,-1.167779551267935,-29.43201465124796,29.43201465124796,16.180549238123575,45.35972990438188,213.26751195878026,27.847428963342995,9.716202803924627,9.15178137070397,0.009805193083511712,4.858101401962314,1.6180549238123576,1.628865988457722,4.70169272189996,85,170.0,2.0,synthetic_test
19.464247214666145,63.29290007105692,18.491034853932838,378.85691963363877,1.5682397589196513,0.09576964972241507,41.0,0.2167755637626291,-31.64645003552846,31.64645003552846,15.433722073965876,63.27070871700298,208.8093418523737,24.282325606390735,6.020978166293892,9.971278338131299,0.009691724888377728,3.010489083146946,1.5433722073965876,2.6056280499076703,3.3002529304094796,86,172.0,2.0,synthetic_test
20.16013800064433,74.16531536427367,19.152131100612113,406.4311642050236,1.2903681221946703,-0.279871236797741,47.0,-1.097302527632844,-37.08265768213683,37.08265768213683,15.884233330626946,49.74637867691403,195.56402190430862,27.56192413320357,7.660632171486986,9.19976827910809,0.004556397677250745,3.830316085743493,1.5884233330626947,1.804894986159006,3.9312212688773,87,174.0,2.0,synthetic_test
14.598012896122492,76.77663207988027,13.868112251316367,213.1019805153586,0.8075309998188095,-0.09697470022132681,33.0,-0.5888668267386961,-38.388316039940136,38.388316039940136,15.500487865147297,48.06737908655728,197.45723126935525,24.186878613134372,9.59685301704005,10.384327820953224,0.007555337689056815,4.798426508520025,1.5500487865147299,1.9873328781025474,4.107925895310089,88,176.0,2.0,synthetic_test
17.187014246607475,79.78000731909505,16.3276635342771,295.3934587130883,-0.9732423133725336,-0.33165216088725863,46.0,-0.8372624310497003,-39.890003659547524,39.890003659547524,12.720491143686587,40.13934971879011,194.68990890836912,23.160715951274867,8.179408503330604,9.735375691420977,0.004112254885693825,4.089704251665302,1.2720491143686588,1.7330789688554797,4.850350348780825,89,178.0,2.0,synthetic_test
15.540261243518371,79.71607428244279,14.763248181342451,241.49971951679913,0.35918304919208,-0.14738964214987177,39.0,-0.6078752606758179,-39.858037141221395,39.858037141221395,12.317109684400606,55.25701046189414,210.15981887944633,30.73695291951991,9.225047776570355,8.657622116315515,0.007039838413773785,4.612523888285177,1.2317109684400607,1.7977387220709975,3.803315038629803,90,180.0,2.0,synthetic_test
17.64451935702519,69.28381911801675,16.76229338917393,311.32906334043656,0.5679417430751318,0.6730891318133124,49.0,-0.5391227031489786,-34.641909559008376,34.641909559008376,18.773656224248473,45.960320771017294,214.41378284589786,28.195681247640753,8.927992939564898,8.466332298222786,0.008248870387413813,4.463996469782449,1.8773656224248474,1.6300482463023651,4.66519335045868,91,182.0,2.0,synthetic_test
19.297272669441924,72.90124497800934,18.332409035969828,372.3847324787902,-0.6986048355960544,-0.538935905688595,35.0,-0.5482687949250771,-36.45062248900467,36.45062248900467,15.367766703810315,50.94310279783913,207.92922328578493,19.623864699594357,9.929402920106902,10.18678272828852,0.009520806202230166,4.964701460053451,1.5367766703810315,2.5959770706578595,4.081597151844562,92,184.0,2.0,synthetic_test
19.97461779851325,80.38990803155038,18.975886908587587,398.98535619668235,-0.8705171058476889,-0.3443588332114575,43.0,0.8333339117803071,-40.19495401577519,40.19495401577519,15.200190885159397,55.54311578152211,212.3242846796961,23.659679464630276,9.593314776370567,11.609652133144413,0.004601910482647048,4.796657388185284,1.52001908851594,2.34758530285905,3.82269308612196,93,186.0,2.0,synthetic_test
20.243706378853698,67.57353230451241,19.231521059911014,409.8076479532419,1.70501414720703,-0.6271494314678759,40.0,-1.10486279306252,-33.786766152256206,33.786766152256206,14.81954467188758,45.73865726137964,198.12553794683166,28.61476876533572,7.319383537195337,9.375830746230742,0.00804968184660443,3.6596917685976686,1.4819544671887581,1.5984283373552195,4.331686800830573,94,188.0,2.0,synthetic_test
20.621087649384425,73.03780949552099,19.590033266915203,425.22925584359484,-0.30080331221692885,-0.7354543785937991,40.0,0.22054142701386686,-36.518904747760494,36.518904747760494,16.562146535232905,50.897412259087695,206.50022815275983,21.410018592359435,8.949412450690197,10.932000428890493,0.0033933560556890694,4.474706225345098,1.6562146535232907,2.377270810836726,4.057185208190803,95,190.0,2.0,synthetic_test
17.55517444308887,67.38495376256279,16.677415720934427,308.1841497272806,1.6149768189111484,-0.09338595709764573,47.0,1.2179591523055584,-33.692476881281394,33.692476881281394,20.077382203474972,58.01893705096904,194.64103154626963,27.312034988569334,5.710172207453381,10.634645419759067,0.009912990734142837,2.8550861037266904,2.0077382203474974,2.1242993089036095,3.3547845141540504,96,192.0,2.0,synthetic_test
15.706082742533122,65.59241508427658,14.920778605406465,246.68103511529674,0.9970937554945338,-0.3088045909003933,47.0,-0.513196364513396,-32.79620754213829,32.79620754213829,16.04790533421559,38.0162647156826,199.6924206707206,27.001168310409373,7.913142638993323,11.726219657237923,0.0012319263888791604,3.9565713194966614,1.6047905334215589,1.4079488812721759,5.252815397940523,97,194.0,2.0,synthetic_test
17.770819399384063,70.38708094628643,16.88227842941486,315.80202212552496,0.40787678237532143,0.8808444653960962,40.0,-0.7179188907476018,-35.193540473143216,35.193540473143216,13.823826347370895,46.14747076510391,213.1627217188605,22.902560265724247,9.227727101957809,11.283924069196564,0.00643175925851009,4.6138635509789045,1.3823826347370896,2.0149481206329485,4.619163698133836,98,196.0,2.0,synthetic_test
19.266535004607153,64.49965238928327,18.303208254376795,371.19937108375274,0.4525314363594847,-0.14142327308889666,41.0,-0.23052462518025083,-32.249826194641635,32.249826194641635,14.733198284216911,45.577290581064645,204.48324393444952,24.97354886126258,8.200771481369,10.266421035621851,0.006935553834861945,4.1003857406845,1.4733198284216913,1.8250225802613627,4.48651601109881,99,198.0,2.0,synthetic_test
15.545480438158286,68.95267221784201,14.76820641625037,241.66196205316194,-1.4004195603307676,0.6446984317150122,34.0,1.1797252083607102,-34.476336108921004,34.476336108921004,17.14199293441051,49.06547438719795,216.34172243215974,18.72994675410916,8.669959597275628,10.628121992936428,0.00719241001366716,4.334979798637814,1.714199293441051,2.6196270086263582,4.4092455058094195,100,200.0,2.0,synthetic_test
21.320273906896485,61.72036108374294,20.25426021155166,454.5540794650911,0.20677477983441644,0.48400323747031676,38.0,0.1941076309533577,-30.86018054187147,30.86018054187147,13.834398797174005,49.66104561313231,211.2370133628693,30.311294549700158,7.680091436051313,11.59354586633614,0.0020834882091018015,3.8400457180256566,1.3834398797174006,1.638367689367578,4.253575629648242,101,202.0,2.0,synthetic_test
19.795777077520682,68.48004490254097,18.805988223644647,391.8727901028933,1.4170204129816264,-0.10447707761200704,38.0,-0.5312142946075985,-34.240022451270484,34.240022451270484,16.704492978060536,44.49368683526704,229.0753772724939,24.072722472409236,9.693604156302714,9.598075138347738,0.009446768051258176,4.846802078151357,1.6704492978060537,1.8483030694290243,5.148491697723773,102,204.0,2.0,synthetic_test
17.586865663137342,73.5871223489269,16.707522379980475,309.29784385323927,0.681339503185609,1.0550677910428115,39.0,0.48387665118803974,-36.79356117446345,36.79356117446345,10.358525252043739,46.42813326943492,208.21679010788225,27.411439154128775,7.879376339436511,9.307178823431109,0.002630649511450745,3.9396881697182553,1.035852525204374,1.6937502992228632,4.484711648851879,103,206.0,2.0,synthetic_test
83.20361580422521,300.6803731798601,79.04343501401394,6922.841682897115,7.0576772979122095,0.13426699323240437,48.0,-1.1022921498364233,-150.34018658993006,150.34018658993006,110.54364402479423,188.4733368367136,224.09595527913518,168.95691325696342,61.44615687767993,8.043244334540786,0.00660478062915857,30.723078438839966,11.054364402479424,1.1155112460540044,1.1890061429393788,104,208.0,2.0,synthetic_test
16.661757837774715,70.0743340202473,15.828669945885979,277.61417424464713,1.71193719581703,0.7565046330019944,30.0,0.681359510442948,-35.03716701012365,35.03716701012365,16.25628002696134,47.74605377413565,207.72376275124154,29.073642364299964,9.329776118853582,11.306204296765857,0.003004084712107765,4.664888059426791,1.6256280026961338,1.6422453429077009,4.35059541745347,105,210.0,2.0,synthetic_test
18.14841242760031,71.11474074897012,17.240991806220293,329.36487364227736,-0.18504072266080399,0.6982984457906319,36.0,0.4086073077017676,-35.55737037448506,35.55737037448506,17.540251093151433,50.49111366265548,200.56254165813763,23.70008977929232,5.8922601164533095,11.203922801613459,0.0037649477531914383,2.9461300582266547,1.7540251093151433,2.130418666463091,3.9722344608627402,106,212.0,2.0,synthetic_test
17.541194794539294,73.62027913457068,16.664135054812327,307.6935148199724,-0.6195556750216844,0.20732399255239134,33.0,-0.3078084711388841,-36.81013956728534,36.81013956728534,13.363051565915217,53.8528206118554,216.35077333983793,25.611468182582403,8.751550015276017,8.417818072400605,0.00591812687555312,4.375775007638008,1.3363051565915218,2.1026838534965013,4.0174455280474115,107,214.0,2.0,synthetic_test
66.10193133017503,458.99038352053327,62.79683476366628,4369.465325579175,15.16663962832901,0.3755654239029253,30.0,-0.838585798447231,-229.49519176026664,229.49519176026664,75.87907194411137,212.34118249764106,403.10629139880535,71.52660456317618,-0.9129215495875584,10.3074295245308,0.004754740767081189,-0.4564607747937792,7.587907194411137,2.968702118525559,1.8983895947894307,108,216.0,2.0,synthetic_test
17.31404834339474,78.68693073494245,16.448345926225002,299.7762700374102,0.766467368111596,0.31203570755973786,44.0,-0.8866809222834573,-39.343465367471225,39.343465367471225,14.478529670216362,52.36817130667662,207.96849212988414,27.61762477429144,9.916890243857248,9.85592679266755,0.002442030408788557,4.958445121928624,1.4478529670216362,1.896186646558572,3.9712765777515213,109,218.0,2.0,synthetic_test
123.65063668289491,448.85610367197995,117.46810484875016,15289.479952085278,3.454081343575673,-0.572130715695854,37.0,0.5348173363459102,-224.42805183598998,224.42805183598998,81.51801745161784,27.723040222552328,346.26263353811026,204.42123034363843,130.3432962091518,8.474836382036447,0.0025384276217876346,65.1716481045759,8.151801745161784,0.13561722613619456,12.490067133994568,110,220.0,2.0,synthetic_test
17.94215023165026,93.50202277734219,17.045042720067745,321.9207549351075,0.2848686434904174,0.028645177226508136,41.0,1.2289805024890619,-46.751011388671095,46.751011388671095,14.70192666654094,48.88352039836323,215.5227265435819,23.56785480827404,8.202477081229533,11.922272908242894,0.004763303093465197,4.101238540614767,1.470192666654094,2.074160792148191,4.408903548419525,111,222.0,2.0,synthetic_test
18.53933871479414,63.03092988769987,17.612371779054435,343.70707998186487,0.8103450155363101,0.5371236169723301,47.0,-0.6373077470287948,-31.515464943849935,31.515464943849935,14.986693090737525,60.671647017461936,206.24696880790933,23.00731767008673,8.618855594966183,8.858783549853422,0.007815546804479507,4.3094277974830915,1.4986693090737526,2.6370586909548774,3.3993962410242347,112,224.0,2.0,synthetic_test
17.539887128807234,73.22712018683262,16.66289277236687,307.64764049129764,-0.2696416252968609,0.7630931586808308,44.0,0.45838670355148425,-36.61356009341631,36.61356009341631,12.36170990959611,53.772663463436494,216.3497316925622,29.080334098744515,5.105473105528764,8.268936720362245,0.009081681821630098,2.552736552764382,1.236170990959611,1.8491074855208771,4.023414831212003,113,226.0,2.0,synthetic_test
19.41543108249924,62.49225671835321,18.444659528374277,376.9589641192776,1.1069647663026416,-0.3603198359159749,46.0,-2.0870270186020687,-31.246128359176605,31.246128359176605,16.60887822022173,46.39747720563238,218.76456934677054,18.888772195083583,7.024122737664715,10.379389518007638,0.0017571489603344457,3.5120613688323576,1.660887822022173,2.4563522036497867,4.715010007488377,114,228.0,2.0,synthetic_test
19.445080160580154,75.15414527607442,18.472826152551146,378.11114245138793,0.6411866624110701,0.2644156509065099,43.0,-0.5846177306571996,-37.57707263803721,37.57707263803721,14.685572213271097,56.4101909148189,207.9295329658236,29.710096841628015,9.56531886392983,10.95546670853213,0.00453793516803461,4.782659431964915,1.4685572213271099,1.8986875477221705,3.68602781862241,115,230.0,2.0,synthetic_test
18.91985805164429,72.21255322075942,17.973865149062075,357.9610286943693,2.141383118511077,0.07543510663876725,43.0,-0.031058932870901952,-36.10627661037971,36.10627661037971,17.160919738010698,46.459654051012926,203.52496037964153,24.093027273771078,9.301647536256333,8.129773784188748,0.0019022100735058898,4.650823768128166,1.7160919738010698,1.9283443928854602,4.380681788034197,116,232.0,2.0,synthetic_test
19.215028654299008,64.79429170123929,18.254277221584058,369.21732618553193,-0.7506028975812151,-0.05893703229079781,47.0,-0.9096834169818336,-32.397145850619644,32.397145850619644,11.310189519407812,44.95799015848365,207.096277458915,24.98631151302911,8.424548308092824,10.634870554908089,0.001149332325693381,4.212274154046412,1.1310189519407812,1.7993047967500249,4.606439850377421,117,234.0,2.0,synthetic_test
106.1875756031236,360.5531794328983,100.87819682296742,11275.801212469092,12.88683219639221,0.17800131461251312,49.0,-0.936506374789596,-180.27658971644914,180.27658971644914,59.63219038058145,221.20897435692,309.643371879349,198.5704880626895,105.20651404525972,10.129167503805817,0.00695546814379561,52.60325702262986,5.963219038058146,1.1140073054918587,1.3997776210459723,118,236.0,2.0,synthetic_test
18.646491525817957,68.68831296318463,17.71416694952706,347.6916462224009,-1.0173239077974048,0.10899870533306867,47.0,-0.6677795564688862,-34.344156481592314,34.344156481592314,16.033338617296245,41.55175354994051,212.47316430574213,24.85541354339256,8.878255191287868,8.413060035500195,0.0064220449776992905,4.439127595643934,1.6033338617296247,1.6717385722590972,5.11345842601741,119,238.0,2.0,synthetic_test
20.49840353497507,74.37772750445603,19.473483358226314,420.1845474826784,-1.615366451276726,0.2707037844362941,45.0,0.29219272832637316,-37.188863752228016,37.188863752228016,13.40177885834947,38.43111209865822,217.04059950880807,28.813414677942745,9.070099385308168,8.690095507785449,0.002467172024333976,4.535049692654084,1.3401778858349471,1.3337923508274088,5.647523260623671,120,240.0,2.0,synthetic_test
18.982809134038995,62.66272155843171,18.033668677337044,360.3470426193543,-2.035530842817873,0.720858380475026,30.0,-0.1873290184063747,-31.331360779215856,31.331360779215856,14.670928683900607,52.606422890302376,226.37016644509248,27.31258930439212,8.070525819685617,10.271897189264322,0.0031043154978375774,4.0352629098428086,1.4670928683900608,1.9260869888247019,4.303089889178194,121,242.0,2.0,synthetic_test
15.938564994396954,69.75289891542737,15.141636744677106,254.03785408061597,0.5383240223969266,0.3920637954323502,40.0,-2.238231233324972,-34.87644945771368,34.87644945771368,15.00139823511435,47.93845465808106,214.3809631168944,26.478059451401215,9.834756425887186,9.185430454053154,0.0012133697828006654,4.917378212943593,1.500139823511435,1.8104972815726557,4.472004044476554,122,244.0,2.0,synthetic_test
17.90046698070183,86.02725813745684,17.005443631666736,320.42671812719647,0.18424791394410256,0.15529562943635133,44.0,-2.120700152635066,-43.01362906872842,43.01362906872842,15.316511961906736,48.336827392685784,206.32850486887713,25.266619018395232,6.974852314804815,11.753262914605264,0.008514524851249634,3.4874261574024077,1.5316511961906736,1.9130706549022014,4.268557040218537,123,246.0,2.0,synthetic_test
18.74995587667942,77.70372423291303,17.812458082845446,351.5608453774251,-0.4790510573617538,0.9323125284115394,41.0,-0.6068651778571754,-38.851862116456516,38.851862116456516,13.644867574532586,45.792885802865115,221.5260547375657,20.663170082583754,7.235213633750037,11.274960917936204,0.009772215364436964,3.6176068168750186,1.3644867574532586,2.216159747988635,4.837564849946746,124,248.0,2.0,synthetic_test
16.485200966203383,72.46096604360841,15.660940917893212,271.76185089611295,-1.773504333949613,0.554964797940168,37.0,0.45768658605355206,-36.230483021804204,36.230483021804204,15.298573126944955,46.30753316307971,213.74422020917044,22.467589259446783,4.273082631371278,11.934268826054652,0.0022191358311522175,2.136541315685639,1.5298573126944957,2.061081526297225,4.615754837478267,125,250.0,2.0,synthetic_test
15.283457606553295,66.40863337912164,14.51928472622563,233.58407641131177,-0.6903866261386762,-0.04619921930167418,49.0,-2.7475048427252347,-33.20431668956082,33.20431668956082,13.43491258953104,45.10945048584312,220.57957726128362,23.970396290106496,9.379741265221496,9.038683355801655,0.003083276923887683,4.689870632610748,1.343491258953104,1.8818817152581462,4.889875067986231,126,252.0,2.0,synthetic_test
80.69416169294503,156.05209690576237,76.65945360829778,6511.547731327158,15.439844105264152,-0.6085602011764526,35.0,-0.4997301761516306,-78.02604845288118,78.02604845288118,106.69843126557248,294.08628768309256,178.54565102735933,153.08735521816266,29.204395182907422,11.878894531191907,0.008815685715522409,14.602197591453711,10.669843126557248,1.9210357855094844,0.6071199457614975,127,254.0,2.0,synthetic_test
30.412439064833485,320.5093345806266,28.89181711159181,924.9164498722098,3.043627844879257,-0.4939153404602328,32.0,-0.5262478565174211,-160.2546672903133,160.2546672903133,31.51640432246939,168.43531806728248,246.60908986832,266.44949520648936,-5.069728985861104,9.72493547916623,0.009338174181605666,-2.534864492930552,3.151640432246939,0.6321472590396571,1.4641174588444126,128,256.0,2.0,synthetic_test
17.97142193722006,73.59382747935797,17.072850840359056,322.97200644559445,-0.01653575024762565,0.46661622415781706,42.0,1.3883377782084478,-36.796913739678985,36.796913739678985,15.310073247191037,45.0327438059115,225.45603683337555,27.950512919075393,5.362101500008778,9.390075181255018,0.004776646445261294,2.681050750004389,1.5310073247191038,1.6111598358246224,5.006491227918022,129,258.0,2.0,synthetic_test
14.817190705007423,61.386715934578675,14.07633116975705,219.54914038855838,0.25206034270527783,-0.31515623962649064,42.0,-0.38502181171286365,-30.693357967289337,30.693357967289337,20.139853679380668,42.857081144906324,221.90764234631916,26.420882163182693,6.691054058943484,8.201398107877413,0.0014556022504216672,3.345527029471742,2.013985367938067,1.6220912261827258,5.177852443940725,130,260.0,2.0,synthetic_test
90.05111375787402,307.35450859086296,85.54855806998032,8109.203089033567,12.326333762202042,-0.504027738555974,31.0,0.38298898474092846,-153.67725429543148,153.67725429543148,106.01527154885075,132.1384165104834,378.00781797165826,197.47433385548874,73.38700181721144,8.21106103143841,0.0013545265032353746,36.69350090860572,10.601527154885076,0.6691422319580124,2.860695836639365,131,262.0,2.0,synthetic_test
80.23892847941991,728.1474811825029,76.22698205544891,6438.2856435254635,11.437529035958812,-0.37904266334359976,34.0,0.14125714008746323,-364.07374059125146,364.07374059125146,41.3475045693947,94.23005096943828,307.5187087606186,81.70107722520706,20.396418627813652,10.76804502378662,0.0061655487946210945,10.198209313906826,4.134750456939471,1.1533513898439234,3.263488723574568,132,264.0,2.0,synthetic_test
19.991504473362713,83.04900681825498,18.99192924969458,399.66025110848136,-1.0182496443282278,-0.34369215604535003,46.0,-2.1305664798072006,-41.52450340912749,41.52450340912749,9.681297285901255,50.12321100777584,217.52432659450753,26.218680055149786,6.792819625009512,9.831715977736112,0.004536055980038612,3.396409812504756,0.9681297285901256,1.9117366283254527,4.3397923281643305,133,266.0,2.0,synthetic_test
17.446202320407245,63.82697342066497,16.573892204386883,304.36997540458316,-0.6992382172851277,0.4253238338911255,35.0,0.7682072166317373,-31.913486710332485,31.913486710332485,10.843246690162115,48.55126634491571,215.92478784906004,23.704173395174884,6.490826160374756,8.906086504144422,0.0012578718481988907,3.245413080187378,1.0843246690162116,2.048215963303685,4.447356456474213,134,268.0,2.0,synthetic_test
17.949221907231024,72.3730265574094,17.05176081186947,322.17456707502214,-0.49235807399351306,-0.07837103789113804,31.0,0.21539650545628794,-36.1865132787047,36.1865132787047,12.518719844624858,46.07545583752084,222.97531191049913,30.57990101946079,6.4236320632577195,10.455881225300931,0.006249271530813011,3.2118160316288598,1.251871984462486,1.5067235112435062,4.839351187252338,135,270.0,2.0,synthetic_test
17.653930242606165,78.04114058622415,16.771233730475856,311.66125301080456,0.542704397976724,-0.6861873001497029,33.0,0.5082686396745896,-39.02057029311207,39.02057029311207,12.644943269450128,47.58662192379872,227.76551729333488,28.601234645240197,5.09948254833866,9.011432473000445,0.0011017228293012022,2.54974127416933,1.2644943269450128,1.663796074331989,4.786335068247958,136,272.0,2.0,synthetic_test
16.623680619799455,67.9809596522844,15.792496588809481,276.346757349096,-1.0388597897868805,0.015522448881178348,40.0,3.9262377064363267,-33.9904798261422,33.9904798261422,15.4074035962777,47.66788701569314,216.5917843152584,30.448263370731446,6.188906252530439,10.31052701737769,0.008086347623343457,3.0944531262652193,1.54074035962777,1.5655371354122662,4.54376725874072,137,274.0,2.0,synthetic_test
22.94455892454532,72.72480015279886,21.79733097831805,526.4527842419322,0.13571859054799862,0.11113306622412088,37.0,-2.0841129394985884,-36.36240007639943,36.36240007639943,15.579684528336935,42.57999101697851,227.4470506237767,24.66720419311147,6.394132880484249,9.436834987930762,0.0037578954043303446,3.1970664402421245,1.5579684528336937,1.7261782358322286,5.341641583087314,138,276.0,2.0,synthetic_test
17.00826764398543,81.48145239352041,16.15785426178616,289.2811682494417,0.16491014342655733,-0.23966843072042582,41.0,1.7246966497611085,-40.74072619676021,40.74072619676021,14.49035746325527,43.43709848889798,224.97228755069955,27.92892737944331,9.02393485468572,11.294208906447276,0.001362322027083089,4.51196742734286,1.449035746325527,1.555272706995158,5.179266004800018,139,278.0,2.0,synthetic_test
20.04704304493132,74.51522390314614,19.044690892684756,401.88393484532924,-0.69435797073338,0.57794254209635,37.0,-0.28744751940035557,-37.25761195157307,37.25761195157307,14.700244066475076,48.64158304815188,219.19170259874457,20.641451622782917,7.751415420280077,11.282784643067117,0.0062951699888483805,3.8757077101400386,1.4700244066475077,2.356500111380923,4.506261697563576,140,280.0,2.0,synthetic_test
96.78347227985111,449.7765794887773,91.94429866585855,9367.040506544708,15.199681986073452,-0.21046944284614233,40.0,0.2873289044030093,-224.88828974438866,224.88828974438866,42.297384342277375,144.84919167675702,211.02538982134314,161.81594601814214,86.39949227556926,9.909401592489605,0.0045791597298974925,43.19974613778463,4.2297384342277375,0.8951478222085549,1.4568627368819826,141,282.0,2.0,synthetic_test
18.744262782186322,56.5217168414363,17.807049643077004,351.3473872476553,-1.0078138987374312,0.5541688433185752,49.0,-0.04551224530124217,-28.26085842071815,28.26085842071815,16.666447755241485,56.016602448411525,208.64614369338656,24.52682812523769,11.46458413310928,9.403276437340063,0.009764203720214346,5.73229206655464,1.6666447755241487,2.2838910177207707,3.72471971832885,142,284.0,2.0,synthetic_test
121.09126333909342,157.39555748371484,115.03670017213874,14663.09405705767,16.345120340687668,0.2983913898374882,37.0,-0.4242363333980435,-78.69777874185742,78.69777874185742,96.86737873057778,234.0233310432862,276.11192521334027,123.48349618202889,28.587384311880474,9.450239186236377,0.00589778796253332,14.293692155940237,9.68673787305778,1.8951790180795405,1.1798478552647775,143,286.0,2.0,synthetic_test
17.95164604580374,78.37536102120009,17.054063743513552,322.2615957538211,0.09960575652144064,0.46330275402220356,37.0,-0.5698329282387588,-39.187680510600046,39.187680510600046,14.276218057533992,50.26506070194175,219.7201823848747,28.09780121205393,9.750654371575454,11.222858102672872,0.003477152629333075,4.875327185787727,1.4276218057533994,1.7889321773825522,4.371230817520665,144,288.0,2.0,synthetic_test
81.9580458602766,423.55818721141617,77.86014356726277,6717.121281235202,21.933790330655768,-0.5492754204031974,46.0,0.32950873557300914,-211.77909360570808,211.77909360570808,110.02347415343107,344.8874599195179,370.8089121856676,136.83495431931246,14.497814352004063,9.312717931190448,0.007384949781705774,7.248907176002032,11.002347415343108,2.5204631494574303,1.0751591614035452,145,290.0,2.0,synthetic_test
57.83591393809335,424.4116622269594,54.944118241188676,3344.9929410545406,10.018041554164665,0.04915509611905129,49.0,-1.5171736966716791,-212.2058311134797,212.2058311134797,87.83900135458411,204.7996028335486,215.19013006607685,42.75574559969374,1.1332944927645627,8.836237494827383,0.0034434280228844024,0.5666472463822814,8.783900135458412,4.789990209760617,1.0507350946426062,146,292.0,2.0,synthetic_test
17.19342099605376,75.08317545771918,16.33374994625107,295.6137255475423,0.5328333007968004,-0.026414002287384525,49.0,0.7505791675217656,-37.54158772885959,37.54158772885959,13.454665715453059,40.289766381856325,214.92269806519948,26.087429376415905,8.110944446110352,8.338753367501226,0.009138189622668085,4.055472223055176,1.345466571545306,1.5444130504586975,5.334424032847844,147,294.0,2.0,synthetic_test
22.80405256367091,80.318052227003,21.663849935487363,520.0248133266658,1.0489699425911703,-0.7110032624537665,45.0,-0.41619440488525394,-40.1590261135015,40.1590261135015,14.821557648812659,46.59878674893355,205.1586946268227,26.714042530980365,7.223699523637664,9.866772483537634,0.004372497734566388,3.611849761818832,1.482155764881266,1.744355489997172,4.402661720189913,148,296.0,2.0,synthetic_test
17.95479382111036,67.90880060035902,17.05705413005484,322.3746211585828,-0.4668031186925292,0.5525303649014547,43.0,-1.1300693390403578,-33.95440030017951,33.95440030017951,15.059967269054315,31.395225777701494,222.59176966882643,27.91157146003963,7.101613405160997,9.928528395679368,0.005948817064985848,3.5508067025804984,1.5059967269054315,1.124810397101766,7.089987861368481,149,298.0,2.0,synthetic_test
